label,n_patches,mean_first5,std_first5
HGSC,13501,"[0.0871221199631691, 0.26183366775512695, 0.2254122495651245, 0.1331881284713745, 0.08710663765668869]","[0.12218895554542542, 0.23932239413261414, 0.23136501014232635, 0.32200610637664795, 0.13201186060905457]"
EC,9640,"[0.08982869237661362, 0.3814309239387512, 0.2322957068681717, 0.11776547133922577, 0.07827257364988327]","[0.12778766453266144, 0.3746635317802429, 0.2240745723247528, 0.30156832933425903, 0.1210816502571106]"
LGSC,3999,"[0.11246645450592041, 0.258167564868927, 0.23203814029693604, 0.13108792901039124, 0.08922058343887329]","[0.1473017781972885, 0.255627304315567, 0.2076176404953003, 0.3187689185142517, 0.13400578498840332]"
CC,8820,"[0.09189871698617935, 0.24432776868343353, 0.21113024652004242, 0.10277791321277618, 0.07609692960977554]","[0.12921854853630066, 0.23203998804092407, 0.2181113064289093, 0.2922755777835846, 0.12211941927671432]"
MC,3958,"[0.0897953063249588, 0.3737332224845886, 0.21006110310554504, 0.10033534467220306, 0.0746631994843483]","[0.11838093400001526, 0.3358127176761627, 0.19737622141838074, 0.2789347171783447, 0.12612052261829376]"
